wallet,tier,newer_node
12rxjvjivxrcbt3ed8eebe3ahnx4zn57qh454ju1riuv,T3,False
13uh4garvpgviphcifcfk6njpekmzblaazfectqldfcl,T3,False
21ic14arqgknihasgihc7oatboaqpaw6q5qnh6texeqe,T3,False
22yqvhvvfbpqxfn7gtvftbts9n6gkuumwm8mkun7mfdy,T2,False
24cvhrb6ud5szfwchsnmtzv9mpre4mcvcd7fpyskiqr1,T3,False
262y3qgig8seaxwutjzfvrptmdepasu4hqcz7jpommhs,T3,False
272kwqf2yxps1pj8m2nyycx9cwezt5f2pgptzhjxoxqb,T3,False
2avfgmrar1zg2tvarjaqfynv3dvxa73lq8xdq7rwhwmt,T3,False
2cjeqppdp4sjqwffqg2tur3d6r8bbecefcjdyz3hk3sc,T2,False
2csz2ydzhaz1kdzqkcnfnd7gjaztcwkcgebrdpq4ted2,T3,False
2dbra6rjxvwnget4zmkm1nst8yafnuj6gxeveecyyeju,T3,False
2gasdpac8qiamjr8hcs18j32yemxxc8ueaz4kjkgojre,T3,False
2gk7n9k6nlmtmx7peizojz8xt41aetbw3h3vzhgu3czm,T3,False
2gqofy3oenvkqywtghwmupipkelzcau1zjz26g9sv5cm,T3,False
2gwauhdbswkkgj673xzdq92f5xygxcbtscs15hvgdvnh,T3,False
2hkrwk4qgzcgqo87s76ww6avnmv12kbhrjwqrhm42h7i,T2,False
2jcv9mhfhfgcjck3qqb7nwsllqszbsvcyzlvbpy9ynhb,T3,False
2lwhtd5znzdsgq9585yokqzvrcqzr7mpgyemdc2vynyq,T2,False
2mmriyk78fmzursuwvdee9hsuuyrdvwd5oyzcdv25ut9,T3,False
2n28uwankmks1m3hhxu8nzpfuchfjanpegecgmgbcfxu,T2,False
2pmyvdar3batgqqakdcafqxcnfibemi9ocpzfr6znqfs,T3,False
2ponmyd7auvqbpod4i9qbnhzcjatzcdrtm6cjh5z7vst,T2,False
2qdoej1fbmazeifeuuv8tezbysohy5zkfaux256rpfbi,T3,False
2r4mxrnfkgxu5ebqvcf4cqdgix9fuqqsjvqcwjgwsfso,T3,False
2s7pxpus6og4bzrhskybljr9xqvxiymchezergohrgzy,T3,False
2sghpbtukx6y7bxeyracurpyfxsmzychbs83bfwmh792,T3,False
2tyxvoyfe63xthnfmjdunzjk7w2osdgpaqxwvhntju6c,T3,False
2wflsikm5vexen19ngebvmvddnkmexpar9o1qv37wuvk,T3,False
2woerg7u65z11k9zw5mnzfmqhqercnbdquwnw3mjhizd,T3,False
34wp3r8cdkf1pudorxvxymh7c33ofxczkzuw1nwjmnna,T3,False
351btkt2bsnqxuj85hry4zkp6f3htkjsyjxy4stknk9v,T3,False
38avc3adbsklie6twxvqebbceir7osyxrzszr6pa89j3,T3,False
3b5czfpf9mt6e9puxmtznzzzn8myxyrm3e1edsakhxct,T3,False
3c6gxwhddsrxjnyab3d1dgf2nlqhatgd2fmslyhhth9m,T3,False
3cjnwrjeckyhghjsbudqcrj5vtctuvqccc4e8xi8tfwx,T2,False
3gpfmtpcbychdpwdbaccdg1unuwkje3lm32rjqpzgtjr,T2,False
3j7oevuwyu7c4pxfj6vkirfehsafmytmmyrbx2g6xmbu,T3,False
3jhnmakwcpdphmzrd5wvpu9vxovxvb1ozd3cqrkugrxx,T3,False
3lcjnsa6gnxhkkrqe2vpbzwy2v1nfogj7xpfvbx8j2tf,T3,False
3lxab5dw9r7cwnrnakldxv44zcvtwkk91h5xk7y7vscz,T2,False
3o8xr8gazuwjwmbmck8cj8kqpuz6awfcsa41agsoxkvu,T2,False
3rm4pia6hrotrffzftksp83jtbply8uck45gsgcxadd4,T3,False
3spjp9xvses4ufaiafwv9ydmwp6gsiyrr1iqkesw6ur5,T2,False
3vlehq5gf8ltxilpfdtpmwhh94hxbmvedcmwbptrca8h,T3,False
3zcv3tgewmqvbtrowjrmtg49f76ju521hjdzg37o5sad,T3,False
414ieqyie7ya4qsh8uzzscksncjtmtf46zxhf43gsupu,T3,False
498uftf17r2tfhpwipd2qekw8ssgq99ygsr51zwdwrat,T2,False
4bgztfj59okwzwtwbgvgdtciycy5yuo2q82cqfdhrogg,T3,False
4cbik9xpvwnkpb39eyu9izq9oozgb2h9ixnfsgcotxkx,T2,False
4dgdrypp3rcpt8bajugkaychkiw1bsqritdsbldevmgy,T2,False
4eg7pftgxkhyhrjp22s46hec8cqeonndkh8w4wkaruus,T3,False
4hcd9vje8yieknqwts9ofbkudrpbdcrlbxhzpqf774fu,T2,False
4irr4h2ksd2y9sclxnynpchcijchnk7pzus294ng86ug,T3,False
4j6dse3j7j2lqtjdseus1kvmcqal11ka5bmujk7cnhd8,T2,False
4qxp2ost9fxgzm5w7n54erjdd7zmmnmhxrt4zpchyj8d,T2,False
4rz3orxn98qevxdvjwdalmwxpd1p62gk5r5sqnkajc7x,T3,False
4udpbqxpzpaso6lvqt6cfj5rdhvma1nsjf7rvjzm1kjl,T3,False
4v1wgkjymzyci2meie13bajbci1jugdfzpecyobf1hye,T3,False
4ynf7xkytkajjw6a3dqof2m5khqqns3xe3i2x4bnp1cu,T3,False
4zdxmojspkfqe5ruj7brzvbk3eqwevxkdnu1axxbyvsg,T3,False
54afmthb3yyxvzzvutacjde3laqddwhn4kg9lrpfgsli,T2,False
5a5nhlj175kc8pbphcys6v18x41j9cz26elhplmnrasb,T2,False
5anwf9ecj9x1uhozoiqw4vpzqlqmv5mqi31dthczinsf,T3,False
5bcjdttmoxkszi7jql2gckdquj77lcjm12xdrkccx2xl,T2,False
5c3bf6z9eacsu8bd1dcrne4cxhpkhxtr4e2e62jxltsb,T2,False
5c5kh9edgays68g19wea9jizmrhntsgkefesdt1wyqql,T2,False
5fdwqbknqhhn8s9ifhwet7xybrzphwaychvd2bwe4qij,T3,False
5g5epcslvw8v2we2t7xmct2h6azb33vmo1gy7mxtfjhj,T3,False
5gh8dlx4gzqnidccyyznowjar1z9mahjlrfv4fjzdr9z,T3,False
5hbrsbajlilfn3gzssaxfeue2hdjfroinzdkydlfka5y,T2,False
5jex3fmxfftph5t7p7qt4dyeq3kbahnyeccxdjvjwprh,T3,False
5juzvdk2cgjmnnbjj7t6cfq6d3abrjskgohezuhdzgqc,T2,False
5k7stphn4yc88suwexowb2g4cxjd4laqxkwctndhmsmx,T3,False
5kuejqiqd82rgfexqrlvaru5yrqp6tiga7j48jclccls,T3,False
5mhxd5sfktkx2vfvlxntm1carrcdk9ac55gjljskvtgn,T2,False
5mxfapgklzucnqdjiuhbceo2b448hxjh1tuhwr12hbpi,T3,False
5o3qp29w9nuztbdoj4xcrqgmyhkw5cukqadwckeftbxk,T3,False
5oacjc1glqqkcuejqztvdqbhfxmqib6wespdjqhf6uu1,T3,False
5ueo42cm52usnggztt34vcs4eeptxdr5gjjz3zajl4tu,T3,False
5uhycnc9wppyr22rbn1rkmzb6gkd44rtmlqjs6pkmvb7,T2,False
5upealdz4evnryp8dzbpaaycprtly9hy1wfunhnvfmcs,T3,False
5xsd3ggc5tkplnpce4b3fwpgeujauvben5zjlm5gy8ak,T3,False
5xxp6fzkserudaqpwckakudzg4ozaephrvh1tnwswhko,T2,False
5ywccmrwnbc8fasik8th4uyf6w81mqeeswqzlhueej59,T3,False
63umisxvhkkn7hgimmxk5nlw7wpcj28veycysoseq7vj,T2,False
65uzq5eo4k8dlspevrn73gjwjwuirxjphyz5ydjx1sm3,T3,False
69f7mbmhrckcxwuchlfdrtfeqnfqnre2tcjdogziul7s,T2,False
6be41fehm6cysvnwsyjdkeryokflsqsxrv2wkhih6gc5,T2,False
6br61ghqouvx3pzamzicjr76xahvdryaslc3te7jesfm,T3,False
6c3yucwdawysejkxgyrgaekctbfpbahcxt6gzgzx7qfk,T3,False
6cff6x1vprmewsxjvctifdr4bq3bruvjymakruh4exsl,T2,False
6cjrquwo9sf5zonvcuvbgtvusbepfb21a4d8uiy9yk2u,T3,False
6fut4a536hbdidftlq426xqxagtyghofugamwbtunpec,T3,False
6gykxsjkwkmrmvqqzxp6gfu9j72eh3zgaivxzd2xmerk,T3,False
6gzyphkczfn1j5o3uecdhnyhw5mksws9qp7j537nc2re,T3,False
6it6mwxlte5hdwmkgdg9mqkmew6tmivdj3hhzkdir1pt,T3,False
6kwrjlgsapuntrxi6wcupweh7svn33g2zecs8ncvhwsc,T2,False
6tfdsgzrnfzjzocp7mtsfyvteih6knkra91kqy9zrt3a,T2,False
6wqmazygldbaaepxy48v74nqj3bwfombhyfrwqx4wk55,T2,False
6yr5kldyqcpnmwsvtc6sqnvawjvzbptymrxtog69bn3d,T3,False
6yvggxrgzbsghsuddsjhauaw54s7pd5yrad96ja8uaws,T2,False
6zb1und1kchjyzjxscdcgrk1zyvnvz55v3qu5qxey5cz,T3,False
6zhchbttibh3jdpscpwmwwkvfzu1bgtzc8qlelxccpci,T3,False
6zw1ix46yqqnxbl6vqxmijqd4ayytcvy4bhsnoxkuf2j,T3,False
71pxsznvghaqsg16tcd2j1hdp1tlaiqdyukbgej66opf,T3,False
748svwjsc3vbmfsrfzhvjgzabnd5mhyzzqklybeadvui,T2,False
74d2pjr2bdv42ge9hzijfvccwueh3oc1gpnfecomcqde,T2,False
78duhuyhufwgdcn6pnzybttkrfxmpsyohmwbzu4lapfj,T3,False
78uhhtg7ccsuyb8rvl92evcdyqk4qywhm89spodmh1ev,T3,False
79z4fj3rd5jpsqfllk4tygviv8tqpkw1kxwerh4j6cak,T3,False
7c1yxh8j7fxnt8ycussvknqxadpplhxliwrfxw1neguw,T3,False
7czxwpthxuwoof8lcduabtwsbyu4hawsaybvhn4ejbg9,T2,False
7d9tq8udscnokm52cr6duq26z4kpgjz45e44b6zpsqff,T3,False
7dhwquc7sejhf4ttnkndvzyftnwrmp5hvqrmhenrfqxa,T3,False
7fxkr8sibaymoefmyrag6u1vfpzdd5p3ndrsp5d4yqhv,T2,False
7fzbx1feb1bsewzzv7dzm9fod8goe5kuzajskzcg6acx,T3,False
7j21gclobytcamf8lwwi1psmpnzeuw7thd9tjniyaggg,T3,False
7jvojyxitq5p5z3vd2awzd6c3d6rlanlysnl5wjrz74k,T3,False
7mjzgby5v9rg3c5ekuvuakwysckpnugrkfmewvytpsqa,T3,False
7qx6a6njf6n4jdjxhylj8f6cjxxflsjzp7vefstvkptb,T2,False
7sbpr8zudwhxsuzxvjart8v1rlrnadepbaxtm3ems913,T2,False
7usnage8hgz2ju4iejgrzpoikgtcf8nwdg3edqn7yhaf,T2,False
7vbydps5xvlhoxc5hvxbnjddxrsuzvf1yt4zcgdrqwem,T2,False
7vht7gdfj5ynqgza6kzlabphv2hpxdkkmn8nqv8sud8u,T3,False
7xmtmzbqhapu7xd6bbuql5ceb8hrthg7p1i6y4qnqnsx,T2,False
7z2gvgb47pq6tdmhpmrog8mz9mrefvib99zi2nx9xvsg,T3,False
81tz6ivagj4ywmyxoed1vx5rehhsg3c2ckyauomu2mgp,T2,False
85975vsbuezvfdekzqa5pas4ddadg5ywkzukrwj1kg2e,T2,False
8afb7y4vdpgfgtn2q3jyj8wu94fth1dnwokksafabvih,T3,False
8ilbavyzzaratnndpbq1ckpy92k3pr3mdgewllnvz6pm,T2,False
8iw1vgnaabzhknyk4jr1z96efkqspwzyhbpvj4rxm8hg,T2,False
8kxaq8xezv51nre2s1sk2m35ngwy6bj7bqvdbta2p25w,T3,False
8lbncqy2zsakbtrukrbyrthnxwqvjqd3xevaxaq9sgjv,T3,False
8mrkk1ukdjrn7dvj2rjhjx5jlkgrxataj5vatsfxkgg7,T2,False
8srciuhbp7dgbzxm3chllf9gxzd5obza8anfwtnnrasp,T3,False
8tcfk5ja2z5pdkqfjvjtusmffyh2ijzsgaegg5btruoe,T3,False
8u1bxb88m6uvuqu7idffds8shv9tvntz5c8s7scaanrt,T3,False
8vlxy1zhrm5ny7exctpkgjf63busbgmwv2orm85tokvx,T3,False
8vmkmbkyyccjbkk484vdesai5s8xjpmqjiizqsebdxps,T3,False
8vsu5kumwb1kzpb7jhhbsakzcdxfrfakqvvmwp1g9d9r,T3,False
8wkhjczknzjdkfmit49bgspkfpfwpwnjsxu86zglvhsp,T3,False
8zlkfduzry4k9smvgmtsjsl7uon86w42eqpxecjpax8q,T2,False
96ir38a2jf4nxmvv4tn4upufevbasqyirvdjtdffa1va,T3,False
97hsu7hsindlpkmtnrtracqyn33158mzyprc59k5p5hw,T2,False
98kayispjp1mgx4xgas1vv2dtubexeg1fgptqepfsehh,T3,False
9delwzsffy21zuwculjyvsucp44mfyqs2uz5bxks4yg4,T3,False
9f4wyywjw4f86w8hleejwxm2374vaumk3vkmtwss5tk7,T3,False
9jgpniunfuonbvsabdjmcy9faoy1azrpq5ku13w7dchh,T3,False
9o1x8xmlttkfz5keukeqqbvbbv7gscdsr5u7b7d3q87y,T3,False
9yd9fcxwpyrtfjcsbcsy267unl6jwx43cwpshzti39x1,T2,False
a6fvtif4xcw3p6uod7kydzlj6nf6ymfsq8vjql9cxckd,T3,False
a89gpcrvtcchkfqx2vocmp9fmujckzdf1a9idh8mkcdc,T3,False
a98p6t7miov52nt77rzh2aa6jdggx62vjqxr71wfugjg,T3,False
a9ze1aveeegyrtfyl3xwfn3bn38gn9mmt53apmdmbup5,T2,False
aahwfzkj8u1e7jynbz2v561excz41uv123xzjayo3gdt,T3,False
ab31t76zpekscmsbwdefoprwnbrzj6swdeka8mkoaq5a,T2,False
ac6gr8r6ltsvfzfyispc1bnevg7smrc2wrzqjbydtrpz,T2,False
adstrw5npxfge4guorrkvxctpvjsvz3z4vgptn11vjk2,T3,False
aivmzyziihau1mcryamh2s5klfihkhvcoefyqs1gym8t,T2,False
ajg5fmoysx3m7eyexza1vuefar6aly3z5pnmkdo5wq11,T2,False
amkbpjubqmjp3kqlcr1q3sxv8uyqq7dqul41f3edqvca,T2,False
aogt1c1r3xg7hixgu6hwncwmh2vn486faevvmklpknn2,T3,False
apengka8ioykawlt35w5d9sa9gakjqwv5kecrwczf5kr,T3,False
apo5knrb9tfaarhrdrh8vmm8dq1nt73h4swtmtmsrpkt,T2,False
aqia89vmraga1l5w7kfprv4jqqei6zclyj5ntqfbpeww,T2,False
aujtt494ys3swzn7bftec9igj54ndrqhvzcudvuwyeyz,T3,False
auxwpgu1vdmdwx2jdiwkprwgapzwsht4czxlgmy9rvsg,T2,False
avksc2eaejndy28cbejkzc68sdnsns2dyzb1sd89uvdk,T3,False
azmmks7pm1vp5jvsetjfj4terh2h1zoodxwn8ocfvoy8,T3,False
aztptphqnhszfqoxzesuvpc71e6ewsxmb9ajcik3qvf4,T3,False
b1bwfz6won7mj3snemfv9y2ul5xzoqy1otnv6nh48rd6,T3,False
b1cfueumm1k2st8bqxwoduakfkav6nsgigqx5xqyawfq,T3,False
b3tdsndb5qiwkx4t3kanxjwnqybdslxlbsfpz3gbdpuw,T2,False
b4efyacke4s7yn4kqnm78p4ctrmodpenxnh7txo8mugs,T3,False
b5wmajucvhfdsauncqdd3tw6npnwmkyfwyrqno3dqkqi,T3,False
b68ybkwj49r7ea2w5aslpdj4f4eylaa7pwbvs41qdo3z,T3,False
b9yeuselxrqcfzuyztoxcvmmgwvvijqwxeguzrpqctm3,T3,False
bacafaumcz7e2pas5pr8gunfwetn7isxw7berzozrexk,T3,False
bcudr6wekcnqnawew2qawtsreamkuqdfqlsqq1rf3yjp,T3,False
bcxwpsak5jwufkmqn5j4ttgp9inryyx4zunqzqeckasj,T2,False
bepnrvojfvrzd2pra6zafnacbtgcx3q1hmbcasbmvlha,T3,False
bfuxjyyh89guqittd9quu4axbjqtt6ctm3fylwaxtm5,T3,False
bixp6egn7qc3dwz7bxnxuwpc5r5ovk8ujt9pvj3fd3c1,T3,False
bj2a39sszlawjesmwodxpje2cbsfhvl6ou6bgyftjqj5,T3,False
bktlzveuuuyzqo4suozqxgsjzpcooablrusugkeyce6t,T3,False
bm8k4hoqjnylzzn2v6hzp916fmhowb43tyjdqazc7nvk,T3,False
bmsyo918zpo6vp435tlgeucizebwpkqhdk9hnz6hxeep,T3,False
bnsr6ulptepxmml8rtwqmrrcii8prrlpeduupnsqq766,T3,False
bp4tjebnernvut35ndjeneaoju8gwbn4vnzknmzq2ynq,T2,False
bpgedyckunc4irffp8ycn8rrtbdvfeknresr4jfmmbku,T2,False
bqipsotbjxpprifejzazdvpay7d9shnd5kswxbbzgsmk,T3,False
bw8g8nkdy94gobajjmiggkjvazaltgnqujy2fc21fw7y,T3,False
bwykdfvnznlhhtxteshvwov7prslvdon5qdpjywabyjk,T3,False
bzsnrdlnrauosf9e6xycszxbnhwv7t15fz6uu6fej6q5,T2,False
c3wtyppqxqaul69tgg6pbtgmfa9uy7dstbahtps8ycgs,T3,False
c6qzjisnzvcbkstgq3iuhtft6wjbulq9p1w4bfrxgzpb,T3,False
c9cnv6c8rtn2cuf56wvy3evrez7y3tyfmnr9k5di4fdy,T2,False
cbnssjpqlydcfgc1mvwsgdqxwvvu13mas8gjy1jyahe2,T3,False
cdbueorskbpkzfnv1kzgzoc4ghf5a4uztpqfgumamdfm,T3,False
ce7hyafqyesth1otcjqghgqdprx4m2y5j3e6grb73rzd,T3,False
cgeinr4k8ohvfzgauorcjswdve5fbjjsrpxb8egev5gy,T3,False
cgvvgwaqbhfgzr3cj1zxcjjququksfdwxy18uv6skhww,T3,False
chkps16ebsdsfa5pqnc7dgmebrpsui55b2ftwqrtggzb,T3,False
chuahfvkhn8brxgrejcit5tnkkdodbgncptemspu6aom,T2,False
cj2ffklu4nuqznbaxhjqjjmygiofvwxnybfau2zckryo,T3,False
cowe5s711un4vpuf4m5ae2ehtvtqylsaekoudgq4bznk,T3,False
cp3enncr5lxsqmbywxkayhyqbqe1cddgmxjseswum6jy,T3,False
cqksgr4i8vgpmb83rpkp7hthquczuva9pkbzms7mco5s,T3,False
cqne2gky59w2oqsvcnkpvbuzf64bu3gfavbnwjmu1zg1,T2,False
ctwcpgqxku92hqpkzmilkt1tlcvmywjiqjgqutprzfsh,T2,False
cu7xpsfbtjqb4ctlsddtgzeythprgpqkppfos78gje1h,T3,False
cum8dv89utphv31vdz47t7uiy7yzspq5rdv3frgoz7mg,T3,False
cv7v4n6qygkqelnfqgx11uafvumrleugshu3tzfudq7i,T3,False
cxbfmcbuzw1shl64jrzuci4jvybwmbgwapvxchkerig6,T3,False
cxudvej9vi7vg13372zay6zccx8dr7dobziufmbkspnb,T3,False
cyr177pdl8wvvfmneqfcirik7pdezry2kuam6n5v8gvz,T3,False
d115g6tkvaunncmgfehkryggztqoyeckmpvzycqjgxov,T3,False
d3c5axsaaqy3dyg4bzyyit3lmzyfrve8wafbfu1f3ohx,T3,False
d8uvtem4n5uwabnhmhntyxpq2bxfyfeyckwwkc1jbaka,T3,False
d9lhcafrqaf1rpjyuqjutuvunn6sr39bkj5mywcy7fmq,T3,False
dd8mq4sgecldg8g4qoe4kkeuecpwj3b9jqy7dfkfbaux,T2,False
ddwrs7e16sxoynlrt67qxtmmkwfb5jiw76r7fxnafbj5,T3,False
decyw2pw2xgc3kziht9uuebtdsdraddghzo5vmnd5v2b,T3,False
dejhkjhncek2glfwvj3jvsms3f9rovwtom15rjjpefsx,T2,False
df7wkkp3fmpsreachdiamjdgftawbc8hdqkhxtwojubd,T3,False
dk7cbkaahyuldj9ffubdejtvsm8shfjgkfkerjceuog2,T3,False
dkjsgw8meha9zs4sty2o4wv3zgjagbt5odqyzyc2jbmg,T3,False
doxapnzmh6sr2nybzufuofkkhc9jn8vr7avh5fr5fdxx,T2,False
dsfryhyc3hwdpyygxgw2gybprdpieevjrargg8f8wswd,T3,False
dufvxp9kpcf7re8zjkt5qbxv6f3ftjss8tjwahmqvrpu,T2,False
dvaaevah7irpctuzgnppj6raxkv4cc6mcunc6mhescdu,T3,False
dx3uraq2hbspacsx8raczty36wht3medamu9ovtreega,T2,False
dxkyxqmmqsdqhyawv2vxpv6ntvncjczrmx4yxfwnfjr6,T3,False
dyjcjdgepmw86bfg6heucw7fu5wxr4h4j2h5fgaroh6q,T3,False
dykmrkzpvqhbs45v1fxxm62zs1bedvjtvhxfa6rd1uzg,T3,False
dzdjzkgskjuqgcfijuelx34arwzcmxefss1tsgefhko9,T2,False
dzyislagsrn7yqf7sdpsbfzhmj9wqf1lztldupn6e8n,T3,False
e16imrwyt8vpzwwusbjc2dxbwrg37ecqmeo5sx758gus,T3,False
e33tfbuyirkkfugfbt1duryf2ftrphs6g83dxkc2vzbf,T3,False
e92enfmywhbesfzgjedpjobc2zcaq7vchxtxu5nzj11g,T3,False
e9hjy2pc91rsxu8nqvwubbbp7hqjqlndk1w5srkrsuwq,T3,False
eeedgwrlhc554yl2eujtrssszfe8zehdhtecujzji9d8,T3,False
ehhyziczsnqwgml29r5zx1wdvhsnzwjrkcyucu9ijwcz,T3,False
eigulbm8bowgz8f2je9ygddgcct5t6cckrfczbab53pf,T2,False
einrzxvcsmfnqu7bhvp2xcxljymbe1deepfzrkq4l8c,T3,False
em6cgfwyeu2guduftl3qdrxbfxzmm7dhjssxnz4uyghe,T3,False
emafxnricm2yeeylcv4vdjrndqqphohygghscwctzjpc,T2,False
en2wm3dyngoafcnjsbbjmwb96hvregrynzxrlmxcghtx,T2,False
evemvk48hccnrn5n646xoh81ixpvonxlsjk3glhm3fay,T3,False
ew8u7sadjugxqx6ezatmnkjkgkggb4jtgfqzx6mcrxdn,T3,False
exhhzv9m8d4lvvyd4f7dnjewsylp9qnldjkb22knrzkt,T2,False
exkgqz4mkqz12wlvyee9tgsbnz4lpx1i6zg149nwmsws,T2,False
f1t5rtgeodpvzi56qgvvbwvatn7zvu1xf5hyoqkp9djb,T3,False
f7xkvnifewgj3cfrsx98zavjbatyulseq9adybnfrk26,T3,False
fbm8agzypmbbb77ywjb4lfpbsxbjdmza7skbo9mqht8d,T3,False
fdlpw73n8wb2jvyk98ysqlynhwvsegkdztsumtcqjp1,T3,False
ff3vet3swrdag8zc4y5r2sdgdjip5n7dcnxybhhmrzes,T2,False
fg2hlmsqhvmntu26xukf6cxxtelavemaz2zbpfvtsftj,T2,False
fg8ib3kazzzjmxw8xwihhvhejtjbovpkdjir2djaakzl,T3,False
fhvawg4wnw8nesprclqwmbw1bkeef1nobxlcosfasytt,T2,False
fic6uwwgccs9xuvvbbkxlx7meqalbq4jpm6tbmjxfosj,T3,False
fj9cttpgnasndfurhfgs7yxxno7maha7euqlcrkxdisp,T2,False
fk3b5tnqk4je8vhvoysigsbz52rfv82dcmwxuqphu6qx,T3,False
fkktpm1anme6qyknwngrxx3qxyxwdwwvgxaepxvhy8ur,T3,False
fofy3mtspjjql3pdkx8rurgarub8i8jucs7xwquojett,T2,False
ftwekt8mmjbhtm2dey1uckc5e5wx6xmzm9grsdjpmyad,T3,False
fu4xyz6v2xyw71arykzufsbsd9dgavfnxklhouuelfaw,T3,False
fuhxafpqkraper2ykcvkkc6acjwythycn3cep1qcchzo,T3,False
fvdcdsbu3yqkgm1uhcumztvtbajfu1k8phmbykhucpfh,T3,False
fvwn7hp565i6vmsufezykm5mbepdrxs7gufmcpa3at9w,T2,False
fw1uq67wxqu9fzfwjwtcnbpb8ftcwgt5myntziks1p3h,T3,False
fzfape1rkx7qe95g4mpzvqbug91vxqy8qe4r6tlb8iqn,T3,False
g5qoovxxbzw3pfsmds9fmtqcair8d3ryeskjhv9rhxkz,T3,False
g8jjb42fo6hpmkntpcsdropkdmrechndcfhpefsfsfgz,T3,False
gawr4wmfot142aq9st9aqrf8babm3nfqwujco69wsais,T2,False
gdpkebjap3mxreetjaotndkjs1qutfrsfwzhgu446wdm,T2,False
gepezyrhh9khlrf5vbyisid4rmcbunc2ca5qced2vmo8,T3,False
gfoybb6fug3r8nkf3iyzqnrlrkgwj61xafnqfhpqlthd,T2,False
gftkvzmzgf5mw8rqqd3hkqjs8hvvxuh9eyfvjprevygd,T2,False
gge4mjhp3khn63vs8b1mmt5w3sgymph6r6jtqqhlngv7,T3,False
gkgkhc8fh2mcbtwm2ws9zsqkxraxpwvnyeum9s8nujqw,T3,False
gkwlnremch3u2wktjv5e9ysjtn6ieggbyqhtfeuppxfw,T2,False
gpaxj2bvidk72n4dz5o1vasatvhtl6p3bnqlyxbhxdes,T3,False
gsuzgryvyxmgfabbwb9cuknbq1ppc6zqgsrikh4gbqck,T3,False
gw4nncuqq7bqclw82vatfzgafb1ehpnulyzqtwsd9wzm,T2,False
h2kxrhdvr4dnhgqvm3va1f5kiucrwmbf5erruqaqisgp,T3,False
h3bbyjuwx3z8p58wkveq7sjyca8yzbujoftioa2yksrg,T3,False
h79n6ckhmcswysn4pspksgvw7zmmpo1fgo21fuv8vutz,T3,False
h8p8nqeoe8fmecqyqdxken1aelyyankhjccdm999wcn2,T3,False
ha8awyxhemb8twc3v4saqnu8oz9xfptafnvnwkdi6sbf,T2,False
hca4pcntuux8sbtdfb7cdmntt7lsbexpjtsxced9kb5t,T3,False
heawkeanrueycdgzbutmsvpwe3g1rymqlasxujekfngp,T2,False
hfmhmjbakj911azuy98ogdrtcg1tipqemtotmvkscuxg,T3,False
hi2vwegaxunvynrtdrzbppx96fjeebo2a2rxmgnqhxb,T3,False
hkwkexhsfpgpgcn8cseudie2wrqfmuydxke4waezqggp,T3,False
hnrs7y1euwachwxclv9vypjayecpwth1gxg1meazeqep,T3,False
hoy4sdrjqb73vx26puojmbb9k5qpn3g8bu5pfuc4omgm,T3,False
hpnbzkmt691ydahqz62bfgqeyqgfwdpvsvgmyrr8ulrp,T3,False
hr3wezjdyyjlwdhh76yeljz1wzkhd2a6ieymrjbh4cgn,T3,False
hrq9m73motksjzu7mlcwzzumpgfqhsqlttaqbdvthn7y,T2,False
htz3tmotbbjpavqnr1tzhuacfnz2mpsd5pm7muwkm1xw,T3,False
hwdtsxxtubpajqju2ixsdjv9qgmrtpygq1t8apne267y,T3,False
hwimw5cz27xtvsfutjaftfjvvupabb5ifvnzhmsdtppn,T3,False
hwlgns6anmniurlgjkrjetwjefc35rkwgnke5omhetj8,T3,False
j2ak3utu9x3hghgnh3csmtkpuzdexu4pgezw9qeteefu,T2,False
j7pbyusnfxfs3age1eejphlmxwcjz8ccrzn1czycm8g1,T2,False
jaxjop7ito4gjpi2ajytqsvve9v9esegvgyqzsxmafgx,T3,False
jd7rqyrrpeunndqpjzlgt2y4cgfsafhke8nyb92lpshx,T3,False
jdecmu2m24pgb4zmlzfr4smdssz6bcck3j77rxyqatat,T3,False
jdr2fmrxrwxslom3wpsdjgqmcv6sjuwxd2etgkrkwegs,T3,False
lvcasihxoduvupg28uefzwlt2k4lzlvnnkwzdp3kihs,T3,False
lvyhg1m1rk7wmhybpjxasujyr9ooasw8shttpbwbzue,T3,False
misqg3g8htfnvjckeameu4vedvfgcdbz3yedx4uzyv6,T2,False
ovaau7wweqybfsc3wgdussjc9rss3kkna7sos8y7lak,T2,False
qlwibprxskhmjx5hqrvfpype7wugyv9apgjf2nfvcor,T3,False
s9kc8qcusuk6pijzeda6ssebzfw7fjmtegmy6aa58yq,T2,False
xom5t6x7v2cztzsyoeutak9khsm9t5hz65jyi5waw7h,T3,False
y7ad9bnt8f1hutz8us2dgyjdhdrhbhecs5benud8d2s,T2,False
